Actual IMDB Score,Predicted IMDB Score,Error
7.2,5.936544090899407,1.2634559091005935
7.0,6.70975871098945,0.2902412890105497
6.4,6.6823097813757215,-0.28230978137572116
6.5,5.9326783654030555,0.5673216345969445
6.1,5.339051755680511,0.760948244319489
8.0,7.718268448825147,0.28173155117485305
6.5,7.716923818946396,-1.2169238189463956
5.6,5.981581173665677,-0.3815811736656771
7.5,7.718526094124828,-0.2185260941248277
6.7,7.185456612042093,-0.4854566120420927
4.9,5.4431588811095954,-0.5431588811095951
7.3,6.441702761467007,0.8582972385329928
4.3,6.064631080982186,-1.764631080982186
6.5,7.114728630827974,-0.6147286308279742
6.4,6.308433713888132,0.09156628611186868
6.5,7.114728630827974,-0.6147286308279742
6.9,6.216575633430678,0.683424366569322
7.8,6.895904316107637,0.9040956838923631
5.6,5.53528597713967,0.06471402286033001
5.8,5.463576701759112,0.3364232982408879
6.6,7.007226607163434,-0.40722660716343473
7.1,6.554716644863869,0.5452833551361307
4.6,4.899613314828307,-0.29961331482830733
8.1,8.31603740947072,-0.21603740947072048
6.6,6.017262432915515,0.582737567084485
6.9,6.421327827264844,0.4786721727351564
5.7,5.543609249278755,0.1563907507212452
4.8,6.179077874685532,-1.3790778746855326
2.6,5.296244247594539,-2.696244247594539
4.3,6.077812121750521,-1.7778121217505216
6.7,6.592857506166553,0.10714249383344754
2.7,5.816435100962086,-3.116435100962086
8.1,8.134679880017536,-0.034679880017536746
3.6,5.916101473802115,-2.316101473802115
5.0,5.940888984689867,-0.9408889846898667
4.4,5.6255338706687334,-1.225533870668733
7.5,5.137366944757042,2.3626330552429584
6.5,6.445141214489886,0.05485878551011414
4.3,5.213275922930049,-0.9132759229300493
7.2,6.999867169613244,0.20013283038675578
7.0,7.308293399746668,-0.3082933997466677
5.8,5.450092532634636,0.34990746736536416
7.0,7.08285713425479,-0.08285713425479013
1.6,7.284236425176675,-5.684236425176675
6.6,6.801466701130235,-0.20146670113023557
6.0,5.878937746408363,0.1210622535916368
6.5,6.195142214573912,0.3048577854260879
4.2,4.918902009602189,-0.7189020096021892
5.9,6.021369216189597,-0.12136921618959651
7.5,7.453003017913941,0.046996982086058736
6.7,6.736917808405363,-0.03691780840536296
6.2,6.479703313858151,-0.2797033138581506
8.5,8.225692604839704,0.2743073951602959
6.8,7.0232465625006215,-0.2232465625006217
7.0,6.468155890383028,0.5318441096169719
7.2,6.795111564597506,0.4048884354024942
6.7,5.718675530590732,0.9813244694092678
4.8,5.898254694304472,-1.0982546943044724
6.7,6.369597308477822,0.3304026915221785
4.1,4.987683420278349,-0.887683420278349
5.7,5.907079060294501,-0.20707906029450118
7.5,6.734468175775404,0.7655318242245963
7.0,7.6138052134524505,-0.6138052134524505
5.7,5.383936448363669,0.31606355163633104
6.6,5.859000408846952,0.7409995911530478
5.5,5.3086119598745025,0.19138804012549748
6.8,6.55897658176759,0.2410234182324098
6.4,6.442050158216303,-0.04205015821630287
6.5,6.534294781311085,-0.03429478131108521
6.8,5.880147625100375,0.9198523748996248
5.1,5.836855393087026,-0.7368553930870263
6.7,6.158841792141108,0.5411582078588921
6.9,6.8078584321641875,0.09214156783581284
7.7,7.042818403012208,0.6571815969877921
7.1,6.361819880917502,0.7381801190824975
6.2,6.65501535570822,-0.4550153557082197
7.8,7.427112754684362,0.37288724531563755
6.3,6.101729886504015,0.198270113495985
6.8,6.290768231425591,0.5092317685744092
4.8,5.98577859215808,-1.18577859215808
6.2,6.138323876371273,0.0616761236287271
7.9,7.760094366451013,0.13990563354898722
5.8,5.496243348447968,0.3037566515520318
7.6,7.046194037390924,0.5538059626090757
6.6,6.212247139029437,0.3877528609705623
6.0,5.719863843530763,0.2801361564692373
4.0,5.42793705246934,-1.42793705246934
4.5,4.489823753312117,0.010176246687882973
6.2,6.854748851812359,-0.654748851812359
7.6,7.473993147528998,0.12600685247100163
5.6,5.3781282470359395,0.22187175296406014
2.1,6.214684774661376,-4.1146847746613755
7.0,7.329160474395616,-0.329160474395616
6.4,6.026611830173381,0.3733881698266197
5.6,5.929218621353963,-0.32921862135396296
6.0,6.478591259111885,-0.4785912591118846
6.6,6.922775747893124,-0.32277574789312435
7.6,7.019467971134117,0.5805320288658828
6.1,5.781434751348534,0.31856524865146607
6.3,6.3568601995173415,-0.05686019951734167
5.9,6.2496895670710275,-0.34968956707102716
7.4,7.467585349794713,-0.06758534979471253
6.6,6.975602407693361,-0.3756024076933615
8.1,7.1129732272410395,0.9870267727589601
6.8,6.750041345830863,0.04995865416913681
7.0,6.8932924118590995,0.10670758814090053
7.0,6.808510489744168,0.19148951025583205
8.3,8.267796243346467,0.03220375665353359
7.3,7.289513919275507,0.010486080724493085
7.4,7.288934738086523,0.11106526191347754
6.5,5.85022064518564,0.6497793548143598
7.2,7.3417641440074,-0.1417641440074
6.4,6.755770904212855,-0.3557709042128545
7.9,7.720739387087165,0.17926061291283535
7.2,6.27397544471834,0.9260245552816606
7.8,7.723341935267135,0.07665806473286452
5.2,5.358785578826354,-0.1587855788263539
6.0,5.458027763512054,0.541972236487946
6.2,5.893381726502808,0.3066182734971923
4.6,5.968108481253778,-1.3681084812537785
7.7,7.26008863705277,0.43991136294723
8.5,8.016863362495425,0.48313663750457536
7.7,8.204464720971941,-0.5044647209719413
7.4,6.470872543732551,0.929127456267449
6.8,6.7779248721505345,0.022075127849465304
6.4,6.526187423193034,-0.12618742319303333
6.2,6.043051946951981,0.15694805304801918
6.8,7.495155948425061,-0.6951559484250609
7.9,7.8675042035521665,0.03249579644783385
7.3,6.679665907308321,0.6203340926916789
7.1,7.524082524844088,-0.4240825248440885
5.7,5.559983180276793,0.1400168197232068
2.0,5.636244976272379,-3.636244976272379
4.8,5.925157612927542,-1.1251576129275422
5.8,6.460959328608063,-0.6609593286080635
7.1,5.998070662851971,1.1019293371480288
6.0,5.170305457546994,0.829694542453006
6.2,6.797955281965231,-0.5979552819652305
5.5,5.6758536845807575,-0.17585368458075745
7.1,7.1628573921459155,-0.0628573921459159
6.3,5.147946501021345,1.1520534989786544
7.9,7.878057947317502,0.021942052682498492
7.6,7.308074282572054,0.2919257174279455
5.8,5.7438082965483215,0.05619170345167834
7.2,7.2071651878623735,-0.007165187862373301
5.9,5.340668268200425,0.559331731799575
6.7,6.461298652545746,0.23870134745425453
4.8,6.616811114363119,-1.8168111143631194
6.7,6.6408702546333105,0.05912974536668969
6.1,5.790747250515152,0.3092527494848474
8.8,8.74331029399622,0.056689706003780316
6.8,5.496158123629133,1.3038418763708668
6.4,6.622795841286531,-0.22279584128653074
6.9,5.6634927377361235,1.2365072622638769
5.8,6.915934292826056,-1.115934292826056
4.9,5.503489922517009,-0.6034899225170083
5.5,4.8393775893364035,0.6606224106635965
7.1,6.507174475232382,0.5928255247676173
7.4,6.779936368053497,0.6200636319465032
6.5,5.801834760891306,0.6981652391086941
7.8,7.4837925283433515,0.3162074716566483
3.0,5.4092663057061925,-2.4092663057061925
5.7,6.362669815959447,-0.6626698159594469
5.5,5.986291063408061,-0.4862910634080606
8.1,7.694193583415719,0.40580641658428096
5.5,5.907333453538775,-0.4073334535387749
7.6,7.085779214013187,0.5142207859868124
6.6,6.7775554339204955,-0.1775554339204959
6.0,5.931372567810285,0.06862743218971534
6.3,6.180310202539655,0.11968979746034503
6.2,6.501796529372194,-0.3017965293721936
6.9,6.387670716055352,0.5123292839446485
6.9,6.375571627580329,0.5244283724196714
4.9,5.22706397602516,-0.32706397602515924
6.2,6.065989878077516,0.13401012192248452
7.8,7.40110568027673,0.3988943197232695
4.7,5.605847112515629,-0.9058471125156284
7.7,7.395071852798821,0.30492814720117956
6.6,8.104345114953922,-1.5043451149539226
6.4,7.415636685831537,-1.0156366858315362
6.1,7.239352281870447,-1.1393522818704476
8.1,6.985805200678249,1.1141947993217505
5.3,5.617235080768073,-0.3172350807680733
5.8,5.79832456977059,0.0016754302294099688
6.9,6.833246499392899,0.06675350060710095
5.7,6.494081812054042,-0.794081812054042
7.4,6.725582081165771,0.6744179188342292
7.2,5.722503271119659,1.4774967288803413
6.0,6.0933928570379186,-0.09339285703791855
6.1,5.417959142342851,0.6820408576571486
7.4,7.651244478737158,-0.2512444787371573
5.9,6.3426733094891405,-0.4426733094891402
7.4,7.1711748257679675,0.22882517423203286
6.5,7.001026860567423,-0.5010268605674231
6.0,5.730634437527443,0.26936556247255705
6.5,6.393206693815309,0.10679330618469063
5.8,6.192955762549517,-0.3929557625495175
6.5,6.564542391072723,-0.06454239107272297
4.7,6.031171949072383,-1.3311719490723828
5.4,5.39198236869085,0.008017631309150453
7.5,7.332621000575015,0.1673789994249848
7.1,6.493699307682717,0.6063006923172827
6.8,6.6310696092353245,0.1689303907646753
6.3,6.033543151126831,0.2664568488731689
7.0,7.147880321583297,-0.14788032158329667
5.7,6.48608111305439,-0.7860811130543901
6.9,7.002948562088823,-0.10294856208882308
6.7,6.31173801505532,0.38826198494468045
6.8,6.64313810056108,0.15686189943891993
5.5,6.2303423879754485,-0.7303423879754485
6.5,6.448712206046717,0.05128779395328298
7.5,7.544232427751539,-0.04423242775153913
5.4,5.595276565874642,-0.19527656587464204
5.5,6.173477768028241,-0.6734777680282411
6.6,7.332203957623693,-0.7322039576236934
6.8,5.670512892262919,1.1294871077370807
4.0,5.329463175340513,-1.3294631753405133
8.1,7.648243206022868,0.45175679397713164
7.3,7.12945687051134,0.17054312948866013
7.0,7.100744217713526,-0.10074421771352604
3.3,6.447515759849851,-3.147515759849851
4.6,5.4406268823265265,-0.8406268823265268
7.1,6.292439066416471,0.8075609335835283
7.5,7.924347878396891,-0.42434787839689125
6.0,5.3093414357367195,0.6906585642632805
7.1,6.579274882602777,0.5207251173972223
5.9,6.108684180731697,-0.20868418073169703
7.2,7.400878816371569,-0.2008788163715689
5.1,6.303764790474767,-1.203764790474767
5.8,5.685501409674047,0.11449859032595278
5.9,5.84239184986989,0.057608150130110225
7.6,6.717077567148183,0.8829224328518164
7.1,6.961321788389163,0.13867821161083693
7.4,7.106258563587109,0.2937414364128914
5.8,7.047240975575886,-1.2472409755758864
5.8,5.930371374081485,-0.13037137408148514
5.9,5.347250381599259,0.5527496184007417
6.3,6.417399842989502,-0.11739984298950201
8.3,7.226476442899788,1.0735235571002129
5.2,4.570810561270709,0.6291894387292913
6.0,6.557515614451497,-0.5575156144514972
6.7,7.039057289042033,-0.3390572890420325
5.6,6.008255875055075,-0.4082558750550751
7.1,6.461760154036731,0.6382398459632688
5.1,5.75178805385839,-0.6517880538583904
7.7,7.48989312058836,0.21010687941164008
4.6,6.2006554689117035,-1.6006554689117038
5.4,5.834699780961858,-0.434699780961858
6.7,6.613614009749576,0.08638599025042382
6.2,6.083886444251264,0.11611355574873627
6.8,6.905500520136976,-0.1055005201369763
5.3,6.5118714585707975,-1.2118714585707977
5.6,6.278321297771591,-0.6783212977715918
2.2,4.163753240424389,-1.9637532404243885
7.4,6.527026793746292,0.8729732062537083
7.1,6.296824290156411,0.8031757098435888
8.0,7.710790496635451,0.28920950336454876
6.0,5.93820870431581,0.061791295684190395
5.5,6.320155125563936,-0.8201551255639359
4.8,4.90645873210734,-0.10645873210734003
6.8,6.888909348728337,-0.088909348728337
8.4,8.098070762290394,0.3019292377096061
6.3,6.618227078537823,-0.3182270785378236
8.3,8.020860742385153,0.2791392576148475
6.1,6.1036232794054275,-0.0036232794054278372
7.1,6.024998649540605,1.0750013504593943
3.3,5.917279095575371,-2.6172790955753715
7.6,6.402438956156803,1.197561043843197
6.9,7.125142443774293,-0.22514244377429282
7.7,7.2870583678658685,0.4129416321341317
3.2,5.973060403418785,-2.7730604034187847
7.4,7.30605417699774,0.09394582300226073
7.8,7.862297809223144,-0.06229780922314454
7.1,6.887386484554052,0.21261351544594742
6.9,5.981505724950042,0.9184942750499587
6.7,6.401078704421814,0.2989212955781859
7.1,7.762239384494005,-0.6622393844940051
7.9,8.27761699163225,-0.3776169916322498
6.5,5.319931314053959,1.1800686859460408
6.3,6.45189906107075,-0.15189906107075046
7.5,7.289884535614658,0.2101154643853418
6.8,6.956195687466754,-0.15619568746675405
9.2,8.751235244825267,0.44876475517473224
8.1,6.076676218307056,2.0233237816929437
6.1,5.417687215532853,0.6823127844671468
7.5,7.756621808093533,-0.2566218080935334
6.1,6.738701110946102,-0.6387011109461023
6.3,6.568667314555014,-0.2686673145550138
6.8,7.478060303608962,-0.6780603036089623
8.0,6.0338995608600845,1.9661004391399155
7.5,6.268850724615812,1.2311492753841877
3.5,6.228524216942498,-2.728524216942498
6.5,5.040281213982354,1.4597187860176462
5.3,6.294288088612784,-0.9942880886127838
6.4,7.157276367064543,-0.7572763670645424
6.5,5.951559195173339,0.5484408048266607
6.9,6.09867976069464,0.80132023930536
7.5,6.540858916673135,0.9591410833268652
7.2,7.0247490966050625,0.17525090339493765
7.2,5.512024371237888,1.6879756287621124
6.7,7.411259007390966,-0.7112590073909661
6.1,5.617409649269973,0.48259035073002643
7.4,7.107500632427434,0.29249936757256645
7.6,7.09818873419198,0.50181126580802
6.9,6.743595215628428,0.15640478437157235
6.1,6.270830232704984,-0.17083023270498465
5.7,5.299981762144152,0.4000182378558481
6.2,6.3153723900738035,-0.11537239007380329
6.1,6.312678704456569,-0.212678704456569
7.3,8.014001815002455,-0.7140018150024554
7.0,5.431470373731455,1.5685296262685453
8.4,6.050895458806029,2.349104541193971
6.7,6.390887498851671,0.3091125011483289
7.5,7.156124475280492,0.34387552471950844
6.4,5.906774711641494,0.49322528835850665
5.6,5.866349175982408,-0.26634917598240815
3.5,5.954191057706431,-2.4541910577064314
6.2,7.101584971434616,-0.901584971434616
8.1,7.711175568299141,0.3888244317008587
7.4,7.428744576845667,-0.02874457684566689
8.0,8.12270451975213,-0.12270451975212993
5.9,6.13878003807478,-0.23878003807478
3.4,5.268925017639172,-1.8689250176391723
6.7,6.548208380181779,0.15179161981822098
7.3,6.8663352415136005,0.4336647584863993
7.5,6.934928343804349,0.5650716561956513
7.2,7.082729155338511,0.11727084466148874
6.7,6.797406177770416,-0.0974061777704156
7.2,6.390063648482131,0.8099363515178695
6.0,6.306741911841616,-0.30674191184161614
4.2,5.219166547572529,-1.019166547572529
6.9,6.332654458912349,0.5673455410876516
7.5,7.815746615961566,-0.31574661596156606
7.4,7.264985801471616,0.13501419852838392
8.6,8.099363838065894,0.5006361619341053
6.8,6.189618543406075,0.6103814565939247
9.0,8.529753345983412,0.47024665401658794
6.6,6.473631096027705,0.1263689039722946
6.2,6.40689389696638,-0.2068938969663794
5.1,5.932210968647433,-0.8322109686474333
6.3,6.598263150961854,-0.2982631509618541
5.6,6.376305226881717,-0.7763052268817177
6.5,6.099606577132293,0.4003934228677073
6.7,6.642790831928125,0.05720916807187493
5.1,5.855407154636768,-0.7554071546367682
7.3,7.606374335105378,-0.30637433510537804
7.8,7.369026525050052,0.43097347494994764
8.0,6.826362276513369,1.1736377234866309
8.5,8.366787937238257,0.1332120627617428
6.1,6.556078361674058,-0.45607836167405846
7.4,6.6030361354450475,0.7969638645549528
6.7,6.602223478420108,0.0977765215798918
5.7,6.706476944620806,-1.0064769446208057
6.1,6.207198544035685,-0.1071985440356853
7.8,7.02951920799573,0.7704807920042702
6.6,6.403487229304684,0.1965127706953158
7.1,6.863777187663822,0.2362228123361776
7.2,7.039815487328169,0.16018451267183131
5.7,6.356821040815439,-0.6568210408154389
6.0,6.689526417809421,-0.6895264178094207
7.1,6.547083984044166,0.5529160159558337
6.4,6.0617261504823725,0.33827384951762784
5.3,5.627981198651464,-0.32798119865146447
7.0,6.625991576066123,0.37400842393387723
4.8,5.730750717477519,-0.9307507174775189
4.9,6.194375437616677,-1.2943754376166767
6.2,5.37036096986169,0.8296390301383099
5.3,5.444631371617523,-0.14463137161752293
7.2,7.577783874971874,-0.3777838749718736
7.0,7.7938249954494525,-0.7938249954494525
6.2,6.135546028205645,0.06445397179435552
6.8,7.5409443757638455,-0.7409443757638456
6.2,6.222620478775855,-0.02262047877585438
6.0,6.250678070057892,-0.25067807005789167
5.4,4.860660898303565,0.5393391016964353
7.8,6.77597825079357,1.0240217492064296
8.2,8.097379329664026,0.10262067033597333
7.1,6.445881439018094,0.6541185609819058
6.4,6.0576813386255415,0.3423186613744589
4.8,5.381936773545568,-0.5819367735455678
6.1,6.328936881835616,-0.2289368818356161
5.5,6.14401966530434,-0.6440196653043397
8.0,7.236862158031934,0.7631378419680663
5.5,6.447417306740045,-0.9474173067400447
5.5,5.670196670313838,-0.170196670313838
7.2,6.555994875774933,0.6440051242250675
5.7,6.655110155345343,-0.9551101553453432
7.4,7.04952948166299,0.35047051833701026
8.2,8.515406083747965,-0.3154060837479662
7.1,6.566772495137996,0.5332275048620039
7.8,7.463290267606126,0.3367097323938735
4.4,6.000795453878978,-1.6007954538789777
7.1,6.511078010902034,0.5889219890979653
7.5,8.228548346194646,-0.7285483461946463
6.0,6.850165907738308,-0.8501659077383081
4.6,5.970185125770904,-1.3701851257709041
7.0,6.8641946535267335,0.13580534647326648
5.3,6.212424467816384,-0.9124244678163844
6.9,6.636356692811231,0.2636433071887696
7.4,7.253458083867992,0.1465419161320085
7.4,8.050599831755488,-0.6505998317554873
5.6,5.648682915520763,-0.04868291552076354
7.8,7.587551266197283,0.21244873380271656
5.3,5.739499206708021,-0.439499206708021
5.9,5.844161842564232,0.05583815743576803
6.5,6.653662030532479,-0.1536620305324794
5.1,5.55140354728715,-0.4514035472871507
4.0,4.811276446867414,-0.8112764468674136
5.6,5.747050338339211,-0.147050338339211
2.3,5.10771946015302,-2.80771946015302
5.9,5.840981632910154,0.059018367089846535
6.3,6.4857353862998375,-0.18573538629983766
6.9,6.763185085331251,0.13681491466874895
7.8,7.4250460600648465,0.37495393993515336
7.4,7.644840108996767,-0.24484010899676623
6.1,6.522285492909272,-0.4222854929092721
6.6,6.209108827391259,0.3908911726087405
5.8,6.3502140573018835,-0.5502140573018837
7.7,8.474553761302186,-0.7745537613021858
6.0,5.528961335022838,0.4710386649771623
7.6,7.922529567667984,-0.322529567667984
5.2,5.33245802722738,-0.1324580272273801
6.6,6.447132298171646,0.1528677018283533
7.3,7.085483741277264,0.2145162587227354
5.5,5.873998013974265,-0.3739980139742647
7.6,7.086579639731734,0.5134203602682659
7.3,6.840100958009121,0.4598990419908784
7.0,5.920605242001932,1.0793947579980676
6.6,6.261305696747604,0.3386943032523959
6.9,5.798579080052139,1.101420919947861
7.6,7.232935124062467,0.36706487593753234
6.2,5.334927750160118,0.8650722498398817
6.4,7.452679969378809,-1.0526799693788087
6.5,6.191092485044455,0.30890751495554536
4.8,5.976668820514841,-1.1766688205148412
6.0,6.089572430755647,-0.08957243075564669
7.3,6.782959484897445,0.517040515102555
6.7,5.632741066534075,1.0672589334659248
6.8,5.080494220737318,1.7195057792626818
6.0,5.017148365529942,0.982851634470058
4.1,5.172384559244898,-1.072384559244898
6.0,5.710314199510848,0.2896858004891518
8.1,7.689139349551566,0.41086065044843334
7.1,6.375864987080397,0.7241350129196027
5.9,5.784652533255488,0.11534746674451224
1.9,6.072915576160999,-4.1729155761609995
6.3,6.262779453469915,0.037220546530084775
6.7,6.75809063793048,-0.05809063793047997
5.8,5.209077713122908,0.5909222868770918
6.3,6.253186621501123,0.0468133784988769
7.9,7.860520135062413,0.03947986493758737
6.5,6.352994888806325,0.14700511119367476
5.4,6.024108538439106,-0.6241085384391054
6.1,6.962293583696741,-0.8622935836967409
6.5,5.972677086909585,0.5273229130904147
5.4,5.237521740292878,0.1624782597071226
6.5,5.771920262550274,0.7280797374497263
4.6,6.813291427656964,-2.213291427656964
7.2,6.406002691535946,0.7939973084640544
5.3,5.377100263393037,-0.07710026339303688
7.3,6.522304557534443,0.7776954424655571
4.4,4.822100627363679,-0.4221006273636787
7.3,7.370627615705854,-0.0706276157058543
6.0,6.112491269154577,-0.11249126915457719
7.7,7.121536196360631,0.5784638036393694
6.1,5.731302962553532,0.3686970374464673
4.2,4.950956926188656,-0.750956926188656
5.6,5.825222838350458,-0.22522283835045798
7.1,7.220969430717479,-0.12096943071747912
6.2,5.7251645624907175,0.4748354375092827
3.9,6.225896324754655,-2.325896324754655
7.0,6.614532904587577,0.3854670954124231
4.8,5.272176761895142,-0.4721767618951418
6.6,6.26866117128409,0.3313388287159098
6.7,6.576134531188659,0.1238654688113412
6.6,6.413115870413119,0.18688412958688083
6.6,7.854104746931907,-1.2541047469319073
8.5,7.69404002709137,0.8059599729086298
7.4,6.952073585420229,0.4479264145797712
5.9,6.3708038306702885,-0.4708038306702882
5.1,5.832829352209804,-0.7328293522098042
6.7,6.887602560458702,-0.18760256045870172
6.4,6.292980410899237,0.10701958910076304
7.1,6.346397331640738,0.753602668359262
6.5,6.044262403501251,0.4557375964987491
6.0,5.779904987864075,0.22009501213592486
7.2,6.860691616719556,0.33930838328044377
8.5,8.481678584952508,0.01832141504749174
4.8,5.429262184469803,-0.6292621844698028
6.5,6.245782744306848,0.2542172556931517
6.3,6.878909562211398,-0.5789095622113978
4.5,5.1031099127569535,-0.6031099127569535
8.0,7.010908731859294,0.9890912681407062
3.3,5.353950127718893,-2.0539501277188927
6.1,6.412184502685992,-0.3121845026859926
5.9,6.406947743294656,-0.5069477432946554
7.2,6.874361150531939,0.3256388494680609
7.0,6.947506022878336,0.052493977121663704
7.2,7.016142369583384,0.1838576304166164
8.4,7.835115889405684,0.5648841105943161
7.5,7.409188699006422,0.09081130099357804
7.7,6.592803508087479,1.1071964919125215
7.5,6.969106339988028,0.530893660011972
7.0,7.3742179157289565,-0.37421791572895646
6.3,6.989517241116814,-0.689517241116814
6.5,6.355824109734789,0.1441758902652106
7.8,7.0240168109700045,0.7759831890299953
7.7,7.54844073557103,0.15155926442897005
7.1,6.7011293017130305,0.3988706982869692
7.4,6.446366407431634,0.9536335925683668
6.4,6.293771069070305,0.10622893092969576
8.2,7.6692596052216695,0.5307403947783298
7.1,6.773931708035992,0.3260682919640079
6.1,5.968255110506962,0.13174488949303775
6.3,6.606924968005198,-0.3069249680051982
6.0,5.504859061251643,0.4951409387483574
6.3,6.675701537094941,-0.37570153709494125
6.9,6.414249323990784,0.48575067600921606
7.1,6.96749995475441,0.13250004524558978
6.8,6.247892154261198,0.552107845738802
6.7,5.990176418439142,0.7098235815608582
5.1,4.8472898327023,0.2527101672976997
7.4,6.5496173431659015,0.8503826568340989
5.7,5.477045084890325,0.2229549151096748
8.0,6.879622498467352,1.1203775015326478
4.0,5.129021269790463,-1.1290212697904627
6.4,7.365512515801055,-0.9655125158010547
5.6,6.842941688406916,-1.2429416884069164
4.0,5.3492442941520935,-1.3492442941520935
8.3,7.707948596554557,0.5920514034454438
7.5,7.641948623435524,-0.14194862343552384
4.1,4.297459804424505,-0.19745980442450506
6.8,6.498385411017533,0.30161458898246707
6.7,6.723004931889569,-0.023004931889568425
5.4,5.890789855787848,-0.49078985578784806
6.9,5.703691648723292,1.1963083512767083
4.6,4.555669646078251,0.04433035392174833
6.1,6.102299025902331,-0.002299025902331664
5.1,5.516436727915756,-0.41643672791575614
7.0,6.800890958128764,0.19910904187123624
6.0,5.191903129236862,0.808096870763138
7.4,7.0772947982002785,0.32270520179972184
5.5,5.895825518124943,-0.39582551812494327
8.0,7.4075529653512655,0.5924470346487345
6.7,6.839348050193556,-0.139348050193556
6.9,6.233919610366674,0.6660803896333265
5.4,6.296567033293171,-0.896567033293171
5.8,5.971004540895641,-0.1710045408956411
6.7,6.598875810658542,0.1011241893414585
6.6,7.3341771434654754,-0.7341771434654758
6.8,6.463686308106196,0.3363136918938041
3.9,5.155044927129523,-1.2550449271295228
5.6,4.81851851167183,0.7814814883281693
8.1,7.9580528333674385,0.14194716663256113
6.7,6.536722401051342,0.16327759894865856
7.5,6.636153751948669,0.8638462480513311
7.0,6.957099199895233,0.04290080010476682
4.2,5.12855828042419,-0.9285582804241894
6.3,6.424725423775972,-0.12472542377597229
7.9,7.924734520344335,-0.02473452034433432
6.7,5.612807320508331,1.087192679491669
6.9,6.4355833203342,0.4644166796658
6.0,6.5886360626362945,-0.5886360626362945
6.4,5.3888820332913845,1.0111179667086159
6.1,5.885687211535359,0.21431278846464075
6.6,5.851953837533525,0.7480461624664745
6.8,6.14562896103367,0.65437103896633
5.6,5.679971482239105,-0.07997148223910511
7.2,6.922293591638554,0.2777064083614462
6.3,5.691857112030134,0.6081428879698656
5.4,5.425859254202366,-0.025859254202365456
7.2,7.044072331442352,0.1559276685576485
7.5,6.671160185586587,0.8288398144134126
6.1,6.183128920976462,-0.08312892097646252
4.1,4.661305033900674,-0.5613050339006742
5.4,5.540359513618433,-0.14035951361843235
6.2,6.146535086567339,0.05346491343266102
7.6,7.104841326769151,0.49515867323084883
7.0,6.939864898774789,0.06013510122521115
7.0,6.892091685249964,0.10790831475003593
6.3,5.3764525404260946,0.9235474595739053
8.3,8.100772863205965,0.19922713679403614
6.8,7.502680877830878,-0.7026808778308782
8.2,8.014367022176884,0.18563297782311494
7.5,7.924347878396891,-0.42434787839689125
7.0,7.158310907766217,-0.15831090776621703
5.4,6.315195645559785,-0.9151956455597849
5.3,6.043632588227438,-0.7436325882274382
6.1,5.583158453709511,0.5168415462904887
6.1,5.587128533101568,0.5128714668984315
5.8,6.59076349891936,-0.7907634989193602
7.4,7.061689429063699,0.3383105709363017
5.6,6.345692540302269,-0.7456925403022696
6.1,5.462110723639064,0.6378892763609354
8.0,7.678569490525647,0.3214305094743528
5.6,6.638497655519273,-1.038497655519273
3.2,5.474690490686943,-2.274690490686943
7.6,7.532387069694679,0.06761293030532034
5.7,6.037467669898018,-0.33746766989801813
7.1,6.482048730250484,0.6179512697495158
5.6,6.065105959399868,-0.4651059593998683
6.6,6.724190628745196,-0.12419062874519593
6.3,6.471549401492667,-0.17154940149266729
7.7,6.7865830598014805,0.9134169401985197
7.1,6.752449415918503,0.34755058408149697
7.1,6.543156152748852,0.5568438472511472
2.8,5.691041665425177,-2.8910416654251776
3.3,5.170704883049077,-1.8707048830490773
5.1,6.643476608433842,-1.543476608433842
3.5,4.978555126773218,-1.4785551267732178
3.8,5.64447175690503,-1.8444717569050297
6.7,6.574891987558195,0.12510801244180492
6.8,6.562012329583007,0.23798767041699254
6.3,5.423687448365856,0.8763125516341441
7.5,7.5029753379605975,-0.0029753379605974573
8.1,7.479243050555302,0.6207569494446981
5.1,6.443304712827227,-1.3433047128272273
7.7,7.474918039082276,0.22508196091772437
7.7,5.952410166224915,1.747589833775085
8.5,7.215417018937424,1.2845829810625764
7.0,7.293718345263209,-0.2937183452632093
5.6,6.735033073405364,-1.1350330734053644
7.7,7.243312286985885,0.4566877130141149
7.8,7.2191953339459785,0.5808046660540214
5.7,5.588601279322792,0.11139872067720802
6.5,6.6622762690418,-0.16227626904179981
6.9,6.327860814485601,0.5721391855143994
7.2,6.772467970150614,0.4275320298493863
8.2,7.567715810650703,0.6322841893492965
7.2,5.447887387625953,1.752112612374047
8.6,6.257759095365766,2.3422409046342336
6.7,5.867649805371253,0.8323501946287468
5.9,5.551017773128901,0.34898222687109914
7.7,7.498969399184436,0.2010306008155638
6.4,6.411477326092083,-0.011477326092082407
6.1,6.061903344957347,0.03809665504265247
4.6,5.990754514077108,-1.3907545140771083
4.3,4.67344402711797,-0.3734440271179702
6.3,6.75341216731686,-0.45341216731686007
6.0,6.651593980227383,-0.6515939802273829
3.6,4.848180605251344,-1.2481806052513442
7.0,6.3021925108119605,0.6978074891880395
6.2,6.983716585909995,-0.7837165859099944
5.9,6.77791484832455,-0.8779148483245498
5.3,5.956530269797317,-0.656530269797317
6.8,7.226114290317641,-0.42611429031764114
6.9,6.6222907584309985,0.2777092415690019
5.9,5.801106623490905,0.09889337650909535
6.7,6.433586884565135,0.26641311543486523
7.6,6.818873564415795,0.7811264355842047
5.3,6.1379119106343145,-0.8379119106343147
5.6,5.707777765167669,-0.10777776516766924
6.5,5.0210090593898125,1.4789909406101875
7.7,7.469378039134894,0.2306219608651059
3.6,5.259004544732332,-1.659004544732332
6.7,6.320621996987991,0.3793780030120093
6.8,6.069400894647795,0.730599105352205
5.3,5.230215321520891,0.06978467847910874
6.1,5.05052753243413,1.0494724675658693
6.4,6.078902756755306,0.3210972432446946
6.9,5.918563427073963,0.9814365729260377
8.1,8.11291911270487,-0.012919112704869562
7.2,6.699765228953825,0.5002347710461752
5.7,5.619062156912205,0.08093784308779561
3.6,4.334578753717357,-0.7345787537173565
6.5,6.326404056471859,0.17359594352814067
5.6,6.463247345418798,-0.8632473454187988
7.0,6.914502461268217,0.0854975387317829
3.5,7.004310966391001,-3.5043109663910013
5.6,6.0384499760652455,-0.43844997606524583
6.4,7.056437377754231,-0.6564373777542309
6.1,6.231694303635394,-0.13169430363539458
7.7,7.3974160570979715,0.3025839429020287
5.5,6.243870928126565,-0.7438709281265652
7.2,6.781743608620023,0.41825639137997683
5.9,6.376838151564042,-0.4768381515640421
5.2,5.715288052152113,-0.5152880521521128
7.1,5.786203340247591,1.3137966597524082
6.4,5.548888929567268,0.851111070432732
8.1,7.908568220278441,0.191431779721559
6.6,6.3361018582053585,0.2638981417946411
6.5,6.634781714621352,-0.1347817146213517
6.7,6.810722745716494,-0.11072274571649388
6.0,5.3251079183087615,0.6748920816912385
6.9,6.67696815982088,0.2230318401791207
6.4,6.2861313556650025,0.11386864433499788
6.4,5.4454183610927265,0.9545816389072739
6.2,6.620458949186014,-0.42045894918601423
7.0,5.8733931332265295,1.1266068667734705
6.2,5.5985597187620995,0.6014402812379007
7.7,7.2655462391944186,0.4344537608055816
7.6,7.826302774986609,-0.22630277498660956
7.8,7.3177765508488495,0.48222344915115034
6.1,5.942744535156931,0.15725546484306907
7.8,6.926946302109516,0.8730536978904837
8.1,6.97444171611222,1.1255582838877798
6.5,5.8330285940735385,0.6669714059264615
6.8,6.970267162316225,-0.1702671623162253
7.5,7.623015006135637,-0.12301500613563743
5.6,6.64742409801153,-1.04742409801153
7.3,6.66927735897018,0.6307226410298199
6.2,6.249603004441095,-0.04960300444109489
3.6,4.41372639988147,-0.8137263998814697
6.5,5.815687944099888,0.6843120559001123
7.2,6.811134554168096,0.38886544583190386
6.0,7.106247667942444,-1.1062476679424442
6.3,5.774133516568211,0.5258664834317885
5.3,5.7134716091722035,-0.4134716091722037
5.4,6.357337583326623,-0.9573375833266224
6.6,6.700126588386229,-0.10012658838622901
7.7,7.353051325387699,0.3469486746123014
7.0,6.314075149525038,0.6859248504749624
6.2,6.54875489546127,-0.34875489546127003
6.2,5.741268237044506,0.45873176295549456
7.3,7.787228643154148,-0.4872286431541486
6.5,6.059815825995936,0.44018417400406396
6.4,6.390383955967642,0.009616044032358495
7.2,6.613127637907955,0.5868723620920449
7.4,7.177029276768763,0.22297072323123768
7.8,7.194919188423062,0.6050808115769382
7.2,6.460080377077879,0.7399196229221214
5.3,5.796797019308786,-0.4967970193087865
6.1,6.384833084665821,-0.2848330846658209
7.3,6.582978781762825,0.7170212182371749
7.3,7.245795376386877,0.054204623613122394
6.9,6.472589290916884,0.42741070908311674
6.0,6.030411252779916,-0.030411252779916076
6.6,5.299363570212726,1.3006364297872732
8.4,6.861180621810939,1.5388193781890616
7.4,7.199615507545015,0.2003844924549858
6.2,6.373122746936592,-0.1731227469365919
7.0,7.178273091018144,-0.17827309101814404
7.2,6.956650262642474,0.2433497373575264
8.0,7.898799271109479,0.10120072889052079
6.8,6.216934632727493,0.583065367272507
8.3,8.292599820451986,0.007400179548014307
4.6,4.990374908535147,-0.3903749085351471
6.3,6.285803786525895,0.014196213474105157
7.9,7.441783910879429,0.45821608912057155
7.9,7.9134841966007246,-0.013484196600724196
7.3,6.738695996710438,0.5613040032895622
6.2,6.791967009070972,-0.5919670090709719
6.8,6.777504233790936,0.02249576620906346
5.8,6.161665996630632,-0.3616659966306326
4.4,5.762364975311238,-1.3623649753112375
7.6,7.080304739122495,0.519695260877505
7.2,6.838023522609407,0.36197647739059313
6.7,6.347493373282931,0.35250662671706934
6.5,6.773720361109981,-0.273720361109981
5.7,6.706476944620806,-1.0064769446208057
5.4,5.817268116176159,-0.41726811617615844
7.1,5.769946023533293,1.330053976466707
4.6,6.073957675694898,-1.4739576756948987
6.8,6.244837601139781,0.5551623988602188
6.8,6.975070723769591,-0.17507072376959076
6.1,6.075147772679391,0.024852227320608655
6.1,6.217747931185377,-0.1177479311853773
5.1,6.0021822566777105,-0.9021822566777109
6.4,6.6860156758432865,-0.28601567584328613
7.8,7.257321661629189,0.5426783383708109
7.8,7.822556031787561,-0.022556031787560826
6.9,6.74109542652744,0.1589045734725607
5.9,6.347232921413807,-0.4472329214138062
5.8,5.9211897416341825,-0.12118974163418272
6.2,6.28232995453939,-0.0823299545393894
9.3,8.763403166369287,0.5365968336307141
6.4,6.648111935013607,-0.24811193501360673
6.3,6.21799428203251,0.08200571796748957
6.3,6.526819894441863,-0.22681989444186357
5.8,5.608673517382285,0.1913264826177148
7.1,7.784804716270256,-0.6848047162702562
5.8,5.0907900694050054,0.7092099305949944
7.2,7.164202363983963,0.035797636016036805
5.9,6.150628198215807,-0.2506281982158063
6.7,5.87571220369717,0.8242877963028299
3.4,5.2119136874535075,-1.8119136874535076
6.8,5.918576315594543,0.8814236844054566
7.0,6.689714440147246,0.31028555985275386
6.3,5.175980871783653,1.1240191282163465
4.8,5.272176761895142,-0.4721767618951418
6.2,6.2878013689138905,-0.08780136891389034
6.5,6.0039621271020325,0.4960378728979675
7.0,6.431371971454855,0.5686280285451453
8.0,7.813824094246615,0.18617590575338472
5.5,5.949645077455663,-0.4496450774556626
6.2,5.808320736873813,0.3916792631261874
6.8,6.8661449472071245,-0.06614494720712472
6.5,6.13356596875251,0.36643403124748986
5.3,5.694676515877576,-0.3946765158775758
7.6,7.381123993372952,0.2188760066270472
6.3,6.47785055238525,-0.17785055238524983
7.1,7.627840052405882,-0.5278400524058826
5.2,5.095223642966532,0.10477635703346788
6.5,6.4617561339419085,0.03824386605809149
5.3,5.8262837913801535,-0.5262837913801537
6.7,6.745965150244401,-0.04596515024440073
7.1,6.131381150583008,0.9686188494169921
6.8,6.785722420562181,0.014277579437818488
6.1,6.454064989239183,-0.35406498923918317
6.4,6.561863983199564,-0.16186398319956385
6.7,6.517996810575629,0.18200318942437121
5.9,6.400000256154063,-0.5000002561540624
5.7,5.654369148452484,0.045630851547516116
5.5,6.921798418143696,-1.4217984181436956
6.2,5.28414517718526,0.9158548228147403
3.9,5.98713248138983,-2.08713248138983
8.2,8.078059423649034,0.12194057635096556
6.0,5.7010655649716355,0.2989344350283645
7.3,6.588347813763477,0.711652186236523
6.0,6.033274211916939,-0.03327421191693869
6.2,6.394924554319219,-0.1949245543192184
7.7,5.306532356352096,2.393467643647904
6.6,6.324105463404195,0.2758945365958043
4.1,6.381911453744187,-2.281911453744187
5.7,5.833870513762143,-0.13387051376214298
7.4,7.532497019302666,-0.132497019302666
5.6,6.470286080067685,-0.870286080067685
5.5,5.35897243109648,0.14102756890352008
6.1,5.912876473643203,0.18712352635679697
8.1,7.6823290100086234,0.4176709899913762
7.5,6.878936090559719,0.6210639094402808
5.4,6.701424979787858,-1.3014249797878579
4.4,5.559199451080576,-1.1591994510805756
7.6,7.2820415170957835,0.31795848290421613
6.8,6.361293137701343,0.4387068622986572
7.2,6.219948079629825,0.9800519203701752
5.7,6.168439903112055,-0.4684399031120545
6.6,6.466902121840437,0.1330978781595631
6.7,6.499048418319325,0.20095158168067506
8.4,6.524674798076372,1.8753252019236282
5.1,5.300512764681449,-0.20051276468144952
5.9,6.475837442485701,-0.5758374424857005
6.8,6.407570511293261,0.392429488706739
7.1,7.248696760781046,-0.14869676078104632
7.3,7.081426654917393,0.21857334508260706
5.8,5.503682113041587,0.29631788695841266
7.7,6.323712203061083,1.3762877969389171
6.7,6.43943560766656,0.26056439233344
6.6,5.37957823394155,1.2204217660584495
4.2,5.7796606813017535,-1.5796606813017533
6.9,6.9236027154102695,-0.02360271541026915
6.7,6.050490204894731,0.6495097951052689
7.2,6.678089429956038,0.5219105700439624
6.7,7.549607534116871,-0.8496075341168705
8.1,8.11291911270487,-0.012919112704869562
8.3,7.981206720583665,0.31879327941633573
5.6,6.409885491480971,-0.809885491480971
7.0,6.886490039584248,0.1135099604157519
5.6,5.3616221639996455,0.23837783600035412
5.9,5.406406362277145,0.4935936377228556
7.3,6.699267538037445,0.6007324619625551
5.0,4.492500756011109,0.5074992439888906
5.5,5.279070433586162,0.22092956641383843
7.2,7.2052082079169315,-0.005208207916931329
8.0,7.2630325564740845,0.7369674435259155
4.8,6.200532736307575,-1.400532736307575
6.9,5.970346038060229,0.9296539619397715
5.9,5.871677605446252,0.028322394553748076
7.1,6.1256943213193535,0.9743056786806461
6.5,6.543364176759361,-0.04336417675936133
6.2,5.508279752513896,0.6917202474861046
6.1,6.267527419622482,-0.1675274196224823
7.9,6.424752414145524,1.4752475858544765
7.6,7.8107764422705594,-0.2107764422705598
5.9,5.158216063333403,0.7417839366665975
5.6,6.200813861959381,-0.6008138619593817
8.5,8.47266926222279,0.02733073777720918
6.1,6.480500958304149,-0.38050095830414943
7.6,7.6849130195520905,-0.08491301955209085
8.1,8.022834190055903,0.07716580994409661
6.1,5.964850803565925,0.13514919643407453
3.1,3.890786287565917,-0.7907862875659171
6.7,6.090017185015351,0.6099828149846491
6.3,6.411231895456013,-0.11123189545601342
5.1,5.71724941057953,-0.6172494105795305
7.5,6.916075353225437,0.5839246467745633
6.1,7.20269907265787,-1.1026990726578703
2.0,5.706740110107606,-3.7067401101076056
5.6,5.344182861694096,0.255817138305904
7.9,7.471012599451254,0.4289874005487464
5.0,5.023815735702421,-0.02381573570242068
3.2,4.180492461105315,-0.9804924611053147
7.8,7.553324497137386,0.24667550286261353
5.2,6.553044110927377,-1.3530441109273772
6.0,6.417595226457709,-0.41759522645770897
8.9,8.725456134033497,0.17454386596650373
5.3,6.634493157679805,-1.3344931576798054
7.9,7.933825304828379,-0.033825304828378755
7.2,6.695296843760942,0.5047031562390583
6.5,6.43406413173308,0.06593586826692022
6.3,6.067284663179444,0.23271533682055612
7.0,6.908295947344859,0.0917040526551407
5.9,6.671635378676323,-0.771635378676323
6.8,7.219094710761216,-0.4190947107612164
7.5,7.5686602229910696,-0.06866022299106955
7.3,6.974420591911374,0.3255794080886254
5.5,6.226057005988351,-0.7260570059883511
6.3,6.417095628837556,-0.1170956288375562
4.9,5.831251979393362,-0.9312519793933616
8.3,8.256156655835614,0.04384334416438662
7.8,6.827294688990688,0.972705311009312
8.2,8.420834040478699,-0.22083404047869948
7.6,6.900153866951553,0.6998461330484469
6.7,7.751283248755242,-1.051283248755242
7.6,7.600831600368546,-0.0008316003685466811
6.4,6.602386101645033,-0.20238610164503257
7.9,7.463529014762689,0.4364709852373112
4.7,5.821917995312448,-1.1219179953124474
5.5,7.020067009497468,-1.5200670094974678
7.1,6.7940212285929045,0.3059787714070952
6.8,6.142149562636718,0.6578504373632814
6.8,7.30789171866151,-0.5078917186615106
7.3,7.274510079736802,0.02548992026319752
6.5,5.493210978682428,1.006789021317572
8.1,8.04685737855684,0.0531426214431594
6.0,7.176386737884045,-1.1763867378840454
9.1,8.730762833756867,0.3692371662431331
7.1,7.128719566081861,-0.028719566081861103
7.0,7.352261809628046,-0.3522618096280459
7.5,7.346587677153527,0.15341232284647344
7.1,5.820174862050636,1.2798251379493637
6.0,5.941881543653444,0.058118456346556435
5.0,5.635697861946903,-0.6356978619469027
8.1,5.238908703865373,2.861091296134626
7.0,6.5410117924337845,0.4589882075662155
7.3,6.742028563014737,0.5579714369852624
4.9,5.781112834405339,-0.8811128344053385
5.8,5.932537583852089,-0.13253758385208947
1.9,5.93390413678184,-4.033904136781841
7.4,6.528958317609894,0.8710416823901062
8.4,8.154255575680263,0.24574442431973686
7.2,7.233879933834356,-0.03387993383435539
5.6,6.188658985200651,-0.5886589852006514
6.1,6.23953588973695,-0.1395358897369503
7.5,6.85280462472594,0.6471953752740598
7.4,6.638010952409075,0.7619890475909257
7.1,6.401963663584527,0.6980363364154725
6.6,6.230531314023813,0.36946868597618643
5.9,5.0255888595651586,0.8744111404348418
6.3,5.686312220893557,0.613687779106443
6.3,6.170249963149515,0.12975003685048492
7.1,6.0113599510609985,1.0886400489390011
7.4,6.502581044538791,0.8974189554612098
6.4,6.042677338432733,0.35732266156726755
5.9,6.374155260248073,-0.47415526024807253
7.2,6.594888373735685,0.605111626264315
6.4,6.590953648473454,-0.19095364847345397
7.8,6.723936260634841,1.0760637393651589
6.0,6.4287694134493565,-0.4287694134493565
5.3,4.980466782323568,0.3195332176764314
6.1,6.195464125048527,-0.09546412504852775
5.7,6.13149344487269,-0.4314934448726895
7.3,6.11915998175149,1.1808400182485101
6.4,6.226129228413883,0.17387077158611763
3.3,5.601146665271749,-2.301146665271749
6.3,5.145137521823916,1.1548624781760841
5.4,5.391927520949263,0.008072479050737158
7.2,6.285105828366232,0.914894171633768
6.7,6.479152642974967,0.22084735702503355
6.8,6.3267516374226185,0.47324836257738134
5.4,5.4867731656910275,-0.08677316569102711
7.3,6.287527406873492,1.0124725931265077
7.3,5.807597083010527,1.492402916989473
2.3,5.919096164172562,-3.6190961641725625
6.2,5.8057224971202634,0.39427750287973673
7.1,6.504648638555042,0.5953513614449575
6.0,5.594435550712439,0.40556444928756097
7.5,7.32285126103218,0.17714873896782013
6.0,6.108515127196335,-0.10851512719633494
6.6,6.424396406387916,0.17560359361208366
7.1,6.987721059577762,0.11227894042223774
7.0,6.108616274270384,0.8913837257296162
5.7,5.9921711643848345,-0.29217116438483437
7.4,6.591093971090976,0.808906028909024
5.2,5.6806962495275695,-0.4806962495275693
8.7,7.353331132438083,1.3466688675619167
7.3,7.645012627387991,-0.345012627387991
7.4,6.901395077252198,0.498604922747802
7.5,7.4540445508477715,0.04595544915222849
6.6,6.703278914707468,-0.10327891470746842
6.5,6.163810743590969,0.33618925640903097
6.7,6.703820055709485,-0.0038200557094851817
6.3,7.0000819229082625,-0.7000819229082627
5.8,6.2143832051732,-0.41438320517320015
7.4,7.423262955673349,-0.02326295567334835
6.2,5.045814523720587,1.1541854762794133
5.7,5.7393430486656465,-0.03934304866564631
7.5,6.8012649786241015,0.6987350213758985
4.2,5.087690874982806,-0.8876908749828054
7.2,6.96519288235507,0.23480711764493023
6.5,6.374339387586626,0.12566061241337412
6.6,6.5709643522483505,0.02903564775164913
7.1,6.230365621739961,0.8696343782600389
5.6,5.9778088114405366,-0.3778088114405369
6.3,5.827515364416651,0.4724846355833492
8.6,8.298458210152287,0.30154178984771285
6.1,6.205634477004339,-0.10563447700433937
6.1,5.368262270093353,0.731737729906647
7.3,6.743855312000798,0.5561446879992022
5.9,6.195137614067108,-0.2951376140671078
5.8,6.178361945304659,-0.3783619453046594
5.9,5.992507879676103,-0.09250787967610297
6.3,5.810811450292602,0.4891885497073982
3.9,5.204166490622218,-1.3041664906222183
5.8,5.243619802803681,0.5563801971963187
7.9,7.592799434129665,0.3072005658703354
8.4,6.850812943755533,1.5491870562444676
8.5,8.3133277923667,0.1866722076333005
6.8,6.6248441200501995,0.1751558799498003
6.9,6.45070559960632,0.44929440039368007
5.0,5.82899741386056,-0.8289974138605603
6.5,6.709992477122158,-0.2099924771221584
7.8,7.060147666850499,0.7398523331495008
6.9,6.762510025612223,0.1374899743877771
7.2,7.007841023607594,0.1921589763924061
6.4,7.277763393085675,-0.877763393085675
5.4,5.881751105122021,-0.48175110512202046
6.5,6.513567098737487,-0.013567098737486738
7.3,5.914351917956565,1.385648082043435
6.3,6.20776832791386,0.09223167208613958
6.9,6.970000860894834,-0.07000086089483393
4.4,6.027830774585479,-1.6278307745854788
6.8,6.326783550351631,0.47321644964836906
4.2,5.802762497456147,-1.6027624974561467
7.2,6.546738318002878,0.6532616819971224
6.5,6.281531231368107,0.2184687686318929
5.4,5.756824796101829,-0.3568247961018285
5.9,6.692563054108369,-0.7925630541083688
5.7,5.30561654394693,0.39438345605307035
6.5,6.717256014176766,-0.21725601417676632
6.8,6.654661621028404,0.14533837897159607
6.7,6.745770720902798,-0.04577072090279799
6.3,6.412151621876331,-0.11215162187633076
6.6,6.594141775560407,0.005858224439593052
6.3,6.272852043476255,0.02714795652374491
6.4,7.000198134976023,-0.600198134976023
6.7,5.86859825745142,0.8314017425485805
7.7,6.970259497716419,0.7297405022835814
5.9,5.876250728641039,0.023749271358961543
8.1,7.753424715695234,0.34657528430476603
8.1,7.214822275493301,0.8851777245066987
7.5,7.225124141655211,0.2748758583447888
5.9,6.844648190195545,-0.9446481901955446
7.3,7.259712973588153,0.040287026411847116
7.3,6.976674570358889,0.3233254296411108
7.4,6.798772733119673,0.6012272668803273
4.7,5.789582809710283,-1.0895828097102829
4.1,5.391789158736917,-1.2917891587369175
7.4,6.657650520090649,0.7423494799093513
8.7,8.707476178693067,-0.007476178693067936
7.1,6.710199891243787,0.38980010875621307
3.1,4.237744948460192,-1.1377449484601923
6.3,6.0548474120069935,0.24515258799300632
7.0,5.976920670559262,1.0230793294407379
6.7,6.4769744610515465,0.22302553894845367
7.3,7.398205296464005,-0.09820529646400544
7.7,6.7503940876118955,0.9496059123881047
6.4,6.262038017623168,0.1379619823768321
7.5,6.503403423120617,0.9965965768793827
6.4,6.292418990790467,0.10758100920953328
7.1,6.933693434350449,0.16630656564955082
2.7,5.811588600164218,-3.111588600164218
7.0,6.378754367301155,0.6212456326988454
7.3,6.764139031995438,0.5358609680045614
8.0,8.0248500494517,-0.02485004945170033
7.0,5.699278769833758,1.3007212301662419
7.6,7.261718027389704,0.3382819726102957
5.8,6.4728900849485305,-0.6728900849485306
6.6,6.954199299068111,-0.3541992990681111
6.7,6.643484575586137,0.05651542441386326
6.6,5.829918029671839,0.7700819703281603
6.0,6.1917656433577735,-0.19176564335777346
5.4,4.973107803089232,0.4268921969107682
7.2,7.218082168390047,-0.018082168390046505
6.7,6.017234756371181,0.6827652436288192
5.6,5.683344617937214,-0.0833446179372146
7.7,7.72912509136978,-0.02912509136977981
6.9,7.1457571863072165,-0.2457571863072161
6.9,6.5894471247179895,0.3105528752820108
6.1,6.853186198968994,-0.7531861989689945
7.2,6.943228043786027,0.2567719562139734
5.9,5.84145711191336,0.058542888086640765
6.1,5.998668068656549,0.10133193134345042
5.4,5.519114593518126,-0.11911459351812592
5.5,6.604260675131582,-1.1042606751315818
5.9,6.104290917097332,-0.20429091709733171
8.0,8.180726869729483,-0.18072686972948304
6.7,6.406186835138215,0.29381316486178477
6.7,6.482732860474042,0.21726713952595844
6.9,7.377301849791164,-0.4773018497911634
8.7,7.988088995439127,0.7119110045608723
7.3,7.186770233296724,0.11322976670327556
7.3,7.333750333235389,-0.03375033323538901
6.9,6.647455898864507,0.2525441011354932
6.7,6.76113488602034,-0.061134886020339785
6.3,6.631496093849209,-0.33149609384920886
5.4,7.09375308152983,-1.69375308152983
5.6,6.1521141722877575,-0.5521141722877578
6.4,6.646298532922333,-0.2462985329223324
5.4,6.140159469987305,-0.7401594699873044
5.4,5.660931985887951,-0.2609319858879511
2.4,5.864491845319727,-3.4644918453197273
8.1,8.23686060576619,-0.13686060576618964
6.2,5.941355845996836,0.2586441540031643
6.0,6.309399230386978,-0.3093992303869779
7.3,6.927358210465395,0.3726417895346046
6.0,6.30813847921167,-0.3081384792116699
7.7,7.416885485392334,0.2831145146076661
7.4,7.081846762640386,0.3181532373596143
8.1,7.895184788635711,0.2048152113642887
5.4,6.188068373841069,-0.7880683738410683
6.9,7.152904661242306,-0.2529046612423054
6.8,7.034512958002968,-0.23451295800296812
7.3,6.9841009839837165,0.31589901601628334
6.5,6.90048255502882,-0.4004825550288196
7.0,6.629849818033859,0.3701501819661406
6.4,6.483313516251001,-0.08331351625100059
5.9,6.48431645634794,-0.5843164563479393
5.9,5.953565723234786,-0.0535657232347857
7.8,7.35314636929463,0.44685363070536965
6.7,6.195249367724686,0.5047506322753144
6.5,6.542925505889246,-0.042925505889246374
5.3,4.8560631172545206,0.44393688274547927
5.8,6.260471629364303,-0.46047162936430297
5.7,6.572587525675208,-0.8725875256752076
5.9,5.366373704132949,0.5336262958670517
8.1,7.877482897970542,0.22251710202945763
5.9,5.496227182851457,0.4037728171485435
5.2,4.880079554763538,0.31992044523646257
6.1,6.735134492907874,-0.6351344929078744
7.0,7.134060228802557,-0.1340602288025572
6.2,6.3473091865773315,-0.14730918657733127
6.0,6.106997944096442,-0.1069979440964417
7.3,6.531878836217401,0.7681211637825989
6.7,6.613614009749576,0.08638599025042382
6.3,7.46376737521241,-1.1637673752124105
7.8,7.8538331568618505,-0.05383315686185064
7.1,6.781305631547001,0.3186943684529986
8.8,8.626371580515507,0.17362841948449415
7.0,6.806951930777856,0.19304806922214368
7.6,6.4179170225906566,1.182082977409343
5.4,5.9897895794054135,-0.5897895794054131
5.3,4.954515507470704,0.3454844925292955
6.1,6.870121870146483,-0.7701218701464834
7.7,7.032343690146548,0.6676563098534523
6.1,7.006359855961949,-0.9063598559619495
6.5,5.900116030111057,0.5998839698889427
4.2,6.0266786195321895,-1.8266786195321894
7.2,7.14011100200418,0.05988899799582015
7.8,6.524517806081627,1.2754821939183731
7.2,6.315945000519095,0.884054999480905
4.3,5.796026373379802,-1.4960263733798023
5.1,6.166796750071829,-1.0667967500718296
6.6,6.5212093447834105,0.07879065521658912
6.8,7.402799659143645,-0.6027996591436455
6.6,6.536511986648413,0.06348801335158694
5.3,4.9470251541899835,0.35297484581001637
6.0,4.9914378443203615,1.0085621556796385
6.5,6.137396855858261,0.36260314414173944
7.3,6.624067755536404,0.6759322444635956
4.8,5.575276488612567,-0.7752764886125671
7.1,6.786216733586719,0.3137832664132807
8.3,7.800083075110666,0.4999169248893347
8.1,8.06179155639975,0.038208443600249
6.1,5.630297489924335,0.4697025100756642
7.2,5.526119418723755,1.6738805812762454
6.8,6.076077729662226,0.7239222703377735
6.0,5.077151084835079,0.9228489151649208
6.4,6.791465453584934,-0.39146545358493334
5.5,5.964340118737894,-0.46434011873789416
5.5,6.191837864713277,-0.6918378647132766
5.5,5.968591968141902,-0.46859196814190174
6.3,5.778478771195123,0.5215212288048772
6.1,5.832564193243829,0.26743580675617107
5.3,5.882265603137498,-0.5822656031374978
6.0,6.192170693657034,-0.192170693657034
5.9,6.584363302685751,-0.6843633026857505
6.6,6.192270396674567,0.40772960332543295
5.5,6.350687099904413,-0.8506870999044134
8.2,8.300603375336756,-0.10060337533675678
5.7,6.184780090915907,-0.48478009091590657
7.0,5.95731005251902,1.04268994748098
7.6,6.95655324707679,0.64344675292321
7.0,6.614532904587577,0.3854670954124231
6.6,7.015365927146001,-0.4153659271460013
7.6,7.357660867961683,0.24233913203831658
3.8,5.14624105928248,-1.3462410592824803
5.5,5.526613620453405,-0.026613620453405318
5.7,5.194608032103497,0.5053919678965029
7.7,7.036464349409315,0.6635356505906849
5.5,5.5405902243445615,-0.0405902243445615
6.6,5.865788762378009,0.7342112376219907
5.3,5.341086690477884,-0.0410866904778846
7.5,7.376489850220689,0.12351014977931118
7.2,6.601773335927114,0.5982266640728859
7.8,7.504291923130979,0.2957080768690208
5.8,5.8690284696064845,-0.06902846960648468
5.0,5.315771709077194,-0.3157717090771941
6.2,6.616456430401973,-0.4164564304019729
7.8,6.098471310187154,1.7015286898128457
7.6,7.2403023804070665,0.3596976195929331
4.6,5.421506567797319,-0.8215065677973197
7.5,7.269127441879861,0.23087255812013918
6.8,7.186752478917729,-0.386752478917729
6.7,6.735852039103304,-0.03585203910330392
6.3,5.738229923607827,0.5617700763921727
5.0,5.654318181658016,-0.6543181816580157
5.6,6.680795417204002,-1.0807954172040022
5.9,5.644068245969398,0.25593175403060275
7.0,7.158595200437508,-0.1585952004375084
5.7,6.034369347137463,-0.33436934713746247
6.7,8.19508807165608,-1.4950880716560802
5.2,6.684525466001348,-1.4845254660013474
5.2,5.223015844953608,-0.023015844953607534
6.9,6.031281144770031,0.868718855229969
6.6,5.593558286480442,1.0064417135195578
6.2,6.374580261129056,-0.1745802611290559
6.6,6.4770609058191555,0.12293909418084414
6.2,6.423004441784591,-0.22300444178459067
7.2,7.395065319128016,-0.19506531912801606
2.8,5.495611218642007,-2.695611218642007
6.7,6.293819349143628,0.40618065085637234
6.4,6.907967896531997,-0.5079678965319969
8.0,7.5777837201468055,0.42221627985319454
6.6,5.913508177729141,0.6864918222708587
5.2,6.043367596289264,-0.8433675962892639
7.1,5.793232142040504,1.3067678579594952
6.4,6.058658190904034,0.3413418090959661
5.1,6.526699237852946,-1.4266992378529464
6.5,6.834129191798666,-0.33412919179866574
7.8,7.285555866414363,0.5144441335856369
5.8,6.457178142193933,-0.6571781421939331
7.4,6.254396847114378,1.1456031528856228
6.9,7.002996346948893,-0.10299634694889281
7.2,6.916317989941155,0.2836820100588451
6.3,6.398942572241332,-0.09894257224133174
7.8,6.861028666033511,0.9389713339664887
6.8,5.767471662120302,1.0325283378796977
7.9,8.23944032911567,-0.33944032911566957
4.7,5.9596153968207295,-1.2596153968207293
6.7,6.195543187483016,0.5044568125169846
4.9,5.252025918109511,-0.35202591810951045
6.8,6.148169079480009,0.6518309205199913
8.9,8.780556059990683,0.11944394000931702
6.7,6.9066277181567814,-0.20662771815678127
7.1,6.866300930943738,0.2336990690562617
6.6,6.8541305463692135,-0.25413054636921384
6.3,6.357224704773418,-0.05722470477341801
7.0,5.677028755513157,1.3229712444868431
5.5,5.797016315475713,-0.2970163154757133
6.9,5.802013759542045,1.0979862404579555
8.6,8.570011484884041,0.029988515115958236
7.9,7.1056741812728,0.7943258187272004
6.8,6.6633846220983575,0.13661537790164235
7.6,6.787117442339084,0.8128825576609158
7.8,7.064717091000863,0.7352829089991371
7.9,7.309487152777057,0.5905128472229437
7.7,7.17504614925435,0.5249538507456499
7.4,6.10344782748035,1.2965521725196503
5.7,5.133071586113352,0.5669284138866484
7.5,6.766107261298208,0.7338927387017922
7.2,7.3304347859372205,-0.13043478593722035
7.5,6.8530778491880815,0.6469221508119185
5.0,6.0893557077952325,-1.0893557077952325
5.6,5.866504703013395,-0.26650470301339535
6.3,5.833530185132235,0.4664698148677644
4.6,5.387479129580782,-0.7874791295807819
5.8,5.394440635737959,0.4055593642620412
7.3,6.851573877887347,0.44842612211265287
8.2,8.056109729359761,0.14389027064023807
5.8,6.431174497115129,-0.6311744971151292
6.1,6.576513520208476,-0.47651352020847604
4.9,5.722253842203776,-0.822253842203776
8.1,8.177038920691864,-0.07703892069186402
7.5,7.3816327045306425,0.11836729546935754
3.3,5.575877021277276,-2.2758770212772763
6.8,6.068708165374434,0.7312918346255657
6.5,6.350808299329937,0.14919170067006338
4.7,5.315501383040989,-0.6155013830409892
6.0,5.923422033890942,0.07657796610905798
5.8,6.026518593347709,-0.22651859334770919
6.9,5.965435790633634,0.934564209366366
5.5,6.5677502797732386,-1.0677502797732386
7.2,6.975561299550994,0.2244387004490065
7.8,7.004351106201043,0.7956488937989565
7.2,6.745406564282036,0.45459343571796396
5.7,6.014796605567189,-0.3147966055671887
7.4,6.689783514206549,0.7102164857934516
6.9,5.960353514904525,0.9396464850954755
7.9,7.705813634526073,0.19418636547392776
8.1,6.974574120749851,1.125425879250149
6.8,6.911800325965035,-0.11180032596503509
5.8,5.0907900694050054,0.7092099305949944
7.4,6.76205484299343,0.6379451570065706
6.9,6.129014872630272,0.7709851273697286
6.4,5.813800513770091,0.5861994862299094
6.4,6.268421919838823,0.13157808016117745
5.0,6.270414911006568,-1.2704149110065677
7.3,6.330524505978149,0.9694754940218511
8.1,8.004554790769198,0.09544520923080135
7.6,7.034911892230273,0.5650881077697267
5.6,6.56176742288486,-0.9617674228848605
7.2,6.744751171508322,0.455248828491678
7.2,7.149702744636906,0.05029725536309382
7.1,6.577226409979298,0.5227735900207016
6.0,6.645229914094355,-0.6452299140943554
7.4,7.081846762640386,0.3181532373596143
7.2,7.189102206486619,0.01089779351338116
5.2,5.932794864210385,-0.7327948642103852
7.8,7.759732766577804,0.0402672334221954
6.6,5.368379723686686,1.231620276313314
7.0,6.888986295415688,0.11101370458431159
6.9,6.732439144988575,0.16756085501142515
7.4,6.462518739009949,0.9374812609900509
6.9,6.840400313562831,0.05959968643716973
6.5,5.580543022215905,0.9194569777840949
5.6,5.143538634116168,0.4564613658838317
6.6,6.247527207355657,0.3524727926443427
5.4,6.208771013543802,-0.8087710135438018
5.3,5.774785513295604,-0.47478551329560403
6.6,5.606228226198115,0.9937717738018845
4.3,5.502296293111515,-1.202296293111515
6.4,6.065458349861553,0.3345416501384477
6.5,6.713541714373439,-0.21354171437343883
7.9,7.781876657721807,0.1181233422781931
4.6,6.339433860463838,-1.739433860463838
7.3,6.8227773386165635,0.4772226613834363
7.4,6.83420087506379,0.56579912493621
5.2,5.966860672205784,-0.7668606722057838
5.4,5.658640086800478,-0.2586400868004777
5.9,6.7935653785530095,-0.8935653785530091
6.7,7.051080293473285,-0.3510802934732844
5.4,5.37562373078022,0.024376269219779978
4.7,5.81523283021222,-1.1152328302122196
5.1,5.243399586563512,-0.14339958656351204
6.6,6.383647431402596,0.21635256859740348
5.0,5.769745165867142,-0.7697451658671417
5.4,6.198438112058596,-0.7984381120585953
7.7,7.881888455058001,-0.1818884550580009
7.1,5.764850260728012,1.335149739271988
4.9,5.773571311095278,-0.8735713110952776
5.1,5.072356766229823,0.027643233770176856
5.8,5.434231032615857,0.36576896738414266
6.2,6.423004441784591,-0.22300444178459067
5.0,5.822165910381313,-0.8221659103813126
6.5,6.163810743590969,0.33618925640903097
6.9,5.547171938363319,1.3528280616366812
5.1,5.599709236749364,-0.4997092367493643
6.9,7.296689247339759,-0.39668924733975874
6.2,4.9837940838760995,1.2162059161239007
6.1,6.374123119329179,-0.27412311932917977
4.1,5.067077263865911,-0.9670772638659111
6.7,6.6542486201089135,0.045751379891086685
7.2,7.783883807641009,-0.5838838076410084
7.1,5.760406815870909,1.3395931841290905
5.9,6.267615715945547,-0.3676157159455462
7.7,7.0767915161505845,0.6232084838494156
7.0,6.234214559816557,0.7657854401834427
6.7,5.744873975732511,0.9551260242674893
5.8,5.572684590164151,0.22731540983584875
7.1,5.730719064142344,1.3692809358576552
5.9,6.631714152350582,-0.7317141523505812
6.6,7.0541676330744805,-0.4541676330744808
4.3,5.68058010260046,-1.3805801026004598
6.6,7.148332792172997,-0.5483327921729977
8.4,7.704313010312698,0.6956869896873021
7.0,6.2324250367847815,0.7675749632152185
7.2,6.355498397457315,0.8445016025426852
6.9,6.925721900796962,-0.02572190079696135
6.4,5.605866101309499,0.7941338986905011
7.1,6.814963586252911,0.2850364137470889
4.9,5.429102492695122,-0.529102492695122
5.9,6.308147099665486,-0.40814709966548524
5.8,7.000931929322162,-1.200931929322162
5.6,5.860440114119869,-0.2604401141198691
7.6,7.277720598487206,0.32227940151279366
7.9,7.68238556781523,0.21761443218476995
6.9,5.874523026623155,1.0254769733768452
6.5,6.280745608764397,0.2192543912356033
6.4,5.985527485882981,0.41447251411701913
7.8,7.5873724649692,0.21262753503079956
5.6,6.7093173749458686,-1.109317374945869
5.5,5.342028583495567,0.15797141650443258
7.7,6.637607084246612,1.0623929157533878
7.1,6.403555397945789,0.6964446020542105
6.1,6.47751423724704,-0.37751423724704036
5.7,5.820264462834536,-0.12026446283453573
8.0,7.0422869105739,0.9577130894261003
7.3,6.821063253595212,0.4789367464047878
5.3,5.78030825610704,-0.4803082561070404
6.3,6.07402674196377,0.22597325803622947
7.5,6.340015354874018,1.1599846451259817
6.6,6.594141775560407,0.005858224439593052
6.8,5.9104173433362845,0.8895826566637153
6.3,5.791945620485853,0.5080543795141468
6.3,5.631335444172908,0.6686645558270916
6.6,6.069787269803683,0.5302127301963164
5.9,6.020251642212457,-0.12025164221245621
5.3,5.660843937467438,-0.3608439374674379
7.2,6.402915711658912,0.7970842883410878
6.3,7.002682206707614,-0.7026822067076139
6.5,6.581387863216372,-0.08138786321637159
7.8,7.781602473915544,0.018397526084456217
6.7,5.158134163155462,1.5418658368445382
6.3,6.039807091701521,0.2601929082984791
4.8,5.370927121036089,-0.5709271210360889
8.4,7.373672941376973,1.0263270586230275
7.8,6.649455116272555,1.150544883727445
3.0,5.2691141555629875,-2.2691141555629875
6.4,6.738755700033665,-0.33875570003366473
7.1,7.255764573131115,-0.15576457313111547
6.4,7.121988319785121,-0.7219883197851207
6.8,6.391605564144022,0.40839443585597746
8.6,8.463877112486358,0.13612288751364154
5.6,6.5200381891733725,-0.9200381891733729
6.0,4.874196126032463,1.125803873967537
4.9,5.679075701017645,-0.7790757010176446
6.7,6.37331163219623,0.3266883678037704
6.6,6.7965403405468505,-0.19654034054685088
6.2,5.890629206545554,0.3093707934544465
8.1,8.184816189975063,-0.08481618997506324
6.1,6.567218107625109,-0.4672181076251096
6.3,5.899299317950228,0.40070068204977183
6.1,6.196873610525978,-0.09687361052597865
4.1,5.488511051635216,-1.3885110516352164
7.0,7.066339955548382,-0.0663399555483819
3.6,4.9579309110366285,-1.3579309110366284
7.0,7.4224980356125725,-0.4224980356125725
7.6,7.1159493857477445,0.48405061425225515
5.7,5.733087378569105,-0.03308737856910504
6.8,6.959100366981981,-0.15910036698198127
5.7,5.474700858510222,0.2252991414897778
5.4,5.319434059524252,0.08056594047574794
6.5,5.796823639909555,0.7031763600904446
7.6,6.964338578736808,0.6356614212631913
6.7,6.690862736137622,0.00913726386237812
7.3,6.078549041864316,1.2214509581356836
6.8,5.780086930428492,1.0199130695715075
5.6,5.974055903603812,-0.37405590360381247
7.7,6.825514862390706,0.8744851376092946
6.6,5.5169211356108265,1.0830788643891731
7.1,6.107579480532339,0.992420519467661
7.3,6.378950789602283,0.921049210397717
6.5,6.315236336922374,0.18476366307762593
7.1,5.931572627600233,1.1684273723997665
5.5,6.136926375948196,-0.636926375948196
8.1,7.680684013184759,0.4193159868152403
6.9,5.946078955076264,0.9539210449237361
6.4,6.229458334947492,0.17054166505250823
7.5,7.350927911328829,0.14907208867117117
3.7,7.0666912969146205,-3.3666912969146203
7.2,6.879048697951796,0.3209513020482042
4.4,5.177346974977016,-0.7773469749770152
7.0,7.017985953489801,-0.017985953489801254
4.8,5.927775521489328,-1.127775521489328
4.5,5.079796804406262,-0.5797968044062616
7.1,5.83202128377235,1.26797871622765
8.1,7.8548167916232865,0.24518320837671315
6.3,6.137790804588442,0.16220919541155787
8.1,7.881179366528364,0.21882063347163605
4.6,5.677045268935166,-1.0770452689351666
7.4,6.877201120427963,0.5227988795720373
7.0,6.564593098492172,0.4354069015078279
7.4,6.2881339634729825,1.1118660365270179
5.4,5.3834988201913,0.01650117980870025
6.9,6.60413108715026,0.29586891284974026
5.9,5.9445686236907145,-0.044568623690714126
5.2,5.258703648294769,-0.058703648294768485
5.2,5.773043508135714,-0.5730435081357141
6.4,6.579085805554059,-0.17908580555405873
4.1,5.734140960773739,-1.6341409607737392
5.8,5.688024628990989,0.11197537100901123
5.0,5.486554360811733,-0.4865543608117333
6.7,6.152273748683007,0.5477262513169929
6.7,6.626581021170085,0.0734189788299151
7.2,5.5982435029270565,1.6017564970729437
6.6,7.1121522558351975,-0.5121522558351979
5.5,5.8551933855421945,-0.3551933855421945
5.4,5.685738639963044,-0.2857386399630437
7.2,6.297298887563623,0.9027011124363771
6.9,6.520857894176935,0.37914210582306573
6.2,6.32179268194942,-0.12179268194941972
6.6,6.991827515549338,-0.3918275155493385
6.4,6.265552801409071,0.13444719859092924
7.5,6.9568813142676715,0.5431186857323285
5.6,5.931962849266596,-0.33196284926659647
7.9,7.4497911913564545,0.45020880864354584
8.1,7.0574677929804865,1.042532207019513
8.4,8.301411802395492,0.09858819760450821
5.9,6.204046879734298,-0.30404687973429745
5.5,5.995220388214997,-0.4952203882149968
6.2,5.8247077763224375,0.37529222367756265
5.9,6.3347069925922606,-0.4347069925922602
6.1,6.451232711480443,-0.351232711480443
5.8,6.626871634457012,-0.826871634457012
6.1,6.273384115558103,-0.17338411555810307
6.0,6.625882002309377,-0.6258820023093774
7.7,7.0008152616976265,0.6991847383023737
5.4,5.9569786921683425,-0.5569786921683422
7.3,7.077829145994589,0.2221708540054106
7.0,7.168341785161318,-0.16834178516131804
4.9,5.6796255728216165,-0.7796255728216162
5.7,5.682262331041836,0.017737668958163866
5.3,5.605439504169349,-0.3054395041693496
6.9,6.034427497630168,0.8655725023698322
6.0,5.42167842384558,0.57832157615442
8.4,8.273491745431087,0.1265082545689129
6.3,6.215781107696231,0.08421889230376856
7.5,7.477244973342195,0.022755026657804933
3.7,5.872910468469228,-2.1729104684692278
5.4,6.280622485151098,-0.8806224851510978
5.0,6.440604449545879,-1.4406044495458792
8.3,7.876944381508026,0.4230556184919747
